{"Abhishek Upadhyay.pdf": {"modified": 1742794774.898}, "Kamil Khan.pdf": {"modified": 1742794750.925}, "Kunal Garg.pdf": {"modified": 1741708008.977}, "My Resume.pdf": {"modified": 1741874827.545}, "Rishabh Yadav.pdf": {"modified": 1742799159.299}, "Abhishek Upadhyay(Copy).pdf": {"modified": 1742794774.898}, "Kamil Khan(Copy).pdf": {"modified": 1742794750.925}, "Kunal Garg(Copy).pdf": {"modified": 1741708008.977}, "My Resume(Copy).pdf": {"modified": 1741874827.545}, "Rishabh Yadav(Copy).pdf": {"modified": 1742799159.299}, "Abhishek Upadhyay(Copy 2).pdf": {"modified": 1742794774.898}, "Abhishek Upadhyay(Copy)(Copy).pdf": {"modified": 1742794774.898}, "Kamil Khan(Copy 2).pdf": {"modified": 1742794750.925}, "Kamil Khan(Copy)(Copy).pdf": {"modified": 1742794750.925}, "Kunal Garg(Copy 2).pdf": {"modified": 1741708008.977}, "Kunal Garg(Copy)(Copy).pdf": {"modified": 1741708008.977}, "My Resume(Copy 2).pdf": {"modified": 1741874827.545}, "My Resume(Copy)(Copy).pdf": {"modified": 1741874827.545}, "Rishabh Yadav(Copy 2).pdf": {"modified": 1742799159.299}, "Rishabh Yadav(Copy)(Copy).pdf": {"modified": 1742799159.299}, "Abhishek Upadhyay(Copy 3).pdf": {"modified": 1742794774.898}, "Abhishek Upadhyay(Copy)(Copy 2).pdf": {"modified": 1742794774.898}, "Abhishek Upadhyay(Copy)(Copy)(Copy).pdf": {"modified": 1742794774.898}, "Abhishek Upadhyay(Copy 2)(Copy).pdf": {"modified": 1742794774.898}, "Kamil Khan(Copy 3).pdf": {"modified": 1742794750.925}, "Kamil Khan(Copy)(Copy 2).pdf": {"modified": 1742794750.925}, "Kamil Khan(Copy)(Copy)(Copy).pdf": {"modified": 1742794750.925}, "Kamil Khan(Copy 2)(Copy).pdf": {"modified": 1742794750.925}, "Kunal Garg(Copy 3).pdf": {"modified": 1741708008.977}, "Kunal Garg(Copy)(Copy 2).pdf": {"modified": 1741708008.977}, "Kunal Garg(Copy)(Copy)(Copy).pdf": {"modified": 1741708008.977}, "Kunal Garg(Copy 2)(Copy).pdf": {"modified": 1741708008.977}, "My Resume(Copy 3).pdf": {"modified": 1741874827.545}, "My Resume(Copy)(Copy 2).pdf": {"modified": 1741874827.545}, "My Resume(Copy)(Copy)(Copy).pdf": {"modified": 1741874827.545}, "My Resume(Copy 2)(Copy).pdf": {"modified": 1741874827.545}, "Rishabh Yadav(Copy 3).pdf": {"modified": 1742799159.299}, "Rishabh Yadav(Copy)(Copy 2).pdf": {"modified": 1742799159.299}, "Rishabh Yadav(Copy)(Copy)(Copy).pdf": {"modified": 1742799159.299}, "Rishabh Yadav(Copy 2)(Copy).pdf": {"modified": 1742799159.299}, "Abhishek Upadhyay(Copy 4).pdf": {"modified": 1742794774.898}, "Abhishek Upadhyay(Copy)(Copy 3).pdf": {"modified": 1742794774.898}, "Abhishek Upadhyay(Copy)(Copy)(Copy 2).pdf": {"modified": 1742794774.898}, "Abhishek Upadhyay(Copy)(Copy)(Copy)(Copy).pdf": {"modified": 1742794774.898}, "Abhishek Upadhyay(Copy)(Copy 2)(Copy).pdf": {"modified": 1742794774.898}, "Abhishek Upadhyay(Copy 2)(Copy 2).pdf": {"modified": 1742794774.898}, "Abhishek Upadhyay(Copy 2)(Copy)(Copy).pdf": {"modified": 1742794774.898}, "Abhishek Upadhyay(Copy 3)(Copy).pdf": {"modified": 1742794774.898}, "Kamil Khan(Copy 4).pdf": {"modified": 1742794750.925}, "Kamil Khan(Copy)(Copy 3).pdf": {"modified": 1742794750.925}, "Kamil Khan(Copy)(Copy)(Copy 2).pdf": {"modified": 1742794750.925}, "Kamil Khan(Copy)(Copy)(Copy)(Copy).pdf": {"modified": 1742794750.925}, "Kamil Khan(Copy)(Copy 2)(Copy).pdf": {"modified": 1742794750.925}, "Kamil Khan(Copy 2)(Copy 2).pdf": {"modified": 1742794750.925}, "Kamil Khan(Copy 2)(Copy)(Copy).pdf": {"modified": 1742794750.925}, "Kamil Khan(Copy 3)(Copy).pdf": {"modified": 1742794750.925}, "Kunal Garg(Copy 4).pdf": {"modified": 1741708008.977}, "Kunal Garg(Copy)(Copy 3).pdf": {"modified": 1741708008.977}, "Kunal Garg(Copy)(Copy)(Copy 2).pdf": {"modified": 1741708008.977}, "Kunal Garg(Copy)(Copy)(Copy)(Copy).pdf": {"modified": 1741708008.977}, "Kunal Garg(Copy)(Copy 2)(Copy).pdf": {"modified": 1741708008.977}, "Kunal Garg(Copy 2)(Copy 2).pdf": {"modified": 1741708008.977}, "Kunal Garg(Copy 2)(Copy)(Copy).pdf": {"modified": 1741708008.977}, "Kunal Garg(Copy 3)(Copy).pdf": {"modified": 1741708008.977}, "My Resume(Copy 4).pdf": {"modified": 1741874827.545}, "My Resume(Copy)(Copy 3).pdf": {"modified": 1741874827.545}, "My Resume(Copy)(Copy)(Copy 2).pdf": {"modified": 1741874827.545}, "My Resume(Copy)(Copy)(Copy)(Copy).pdf": {"modified": 1741874827.545}, "My Resume(Copy)(Copy 2)(Copy).pdf": {"modified": 1741874827.545}, "My Resume(Copy 2)(Copy 2).pdf": {"modified": 1741874827.545}, "My Resume(Copy 2)(Copy)(Copy).pdf": {"modified": 1741874827.545}, "My Resume(Copy 3)(Copy).pdf": {"modified": 1741874827.545}, "Rishabh Yadav(Copy 4).pdf": {"modified": 1742799159.299}, "Rishabh Yadav(Copy)(Copy 3).pdf": {"modified": 1742799159.299}, "Rishabh Yadav(Copy)(Copy)(Copy 2).pdf": {"modified": 1742799159.299}, "Rishabh Yadav(Copy)(Copy)(Copy)(Copy).pdf": {"modified": 1742799159.299}, "Rishabh Yadav(Copy)(Copy 2)(Copy).pdf": {"modified": 1742799159.299}, "Rishabh Yadav(Copy 2)(Copy 2).pdf": {"modified": 1742799159.299}, "Rishabh Yadav(Copy 2)(Copy)(Copy).pdf": {"modified": 1742799159.299}, "Rishabh Yadav(Copy 3)(Copy).pdf": {"modified": 1742799159.299}, "Abhishek Upadhyay(Copy 5).pdf": {"modified": 1742794774.898}, "Abhishek Upadhyay(Copy)(Copy 4).pdf": {"modified": 1742794774.898}, "Abhishek Upadhyay(Copy)(Copy)(Copy 3).pdf": {"modified": 1742794774.898}, "Abhishek Upadhyay(Copy)(Copy)(Copy)(Copy 2).pdf": {"modified": 1742794774.898}, "Abhishek Upadhyay(Copy)(Copy)(Copy)(Copy)(Copy).pdf": {"modified": 1742794774.898}, "Abhishek Upadhyay(Copy)(Copy)(Copy 2)(Copy).pdf": {"modified": 1742794774.898}, "Abhishek Upadhyay(Copy)(Copy 2)(Copy 2).pdf": {"modified": 1742794774.898}, "Abhishek Upadhyay(Copy)(Copy 2)(Copy)(Copy).pdf": {"modified": 1742794774.898}, "Kamil Khan(Copy 5).pdf": {"modified": 1742794750.925}, "Abhishek Upadhyay(Copy 2)(Copy)(Copy 2).pdf": {"modified": 1742794774.898}, "Abhishek Upadhyay(Copy 3)(Copy 2).pdf": {"modified": 1742794774.898}, "Abhishek Upadhyay(Copy 4)(Copy).pdf": {"modified": 1742794774.898}, "Kamil Khan(Copy)(Copy)(Copy)(Copy)(Copy).pdf": {"modified": 1742794750.925}, "Kamil Khan(Copy)(Copy)(Copy 2)(Copy).pdf": {"modified": 1742794750.925}, "Kamil Khan(Copy)(Copy 2)(Copy)(Copy).pdf": {"modified": 1742794750.925}, "Kamil Khan(Copy)(Copy 3)(Copy).pdf": {"modified": 1742794750.925}, "Kamil Khan(Copy 2)(Copy)(Copy 2).pdf": {"modified": 1742794750.925}, "Kamil Khan(Copy 3)(Copy)(Copy).pdf": {"modified": 1742794750.925}, "Kamil Khan(Copy 4)(Copy).pdf": {"modified": 1742794750.925}, "Kunal Garg(Copy 5).pdf": {"modified": 1741708008.977}, "Kunal Garg(Copy)(Copy 4).pdf": {"modified": 1741708008.977}, "Kunal Garg(Copy)(Copy 2)(Copy)(Copy).pdf": {"modified": 1741708008.977}, "Kunal Garg(Copy)(Copy 3)(Copy).pdf": {"modified": 1741708008.977}, "Kunal Garg(Copy 2)(Copy 3).pdf": {"modified": 1741708008.977}, "Kunal Garg(Copy 3)(Copy 2).pdf": {"modified": 1741708008.977}, "Kunal Garg(Copy 3)(Copy)(Copy).pdf": {"modified": 1741708008.977}, "Kunal Garg(Copy 4)(Copy).pdf": {"modified": 1741708008.977}, "My Resume(Copy 5).pdf": {"modified": 1741874827.545}, "My Resume(Copy)(Copy 4).pdf": {"modified": 1741874827.545}, "My Resume(Copy)(Copy)(Copy)(Copy 2).pdf": {"modified": 1741874827.545}, "My Resume(Copy)(Copy)(Copy)(Copy)(Copy).pdf": {"modified": 1741874827.545}, "My Resume(Copy)(Copy 2)(Copy 2).pdf": {"modified": 1741874827.545}, "My Resume(Copy)(Copy 2)(Copy)(Copy).pdf": {"modified": 1741874827.545}, "My Resume(Copy)(Copy 3)(Copy).pdf": {"modified": 1741874827.545}, "My Resume(Copy 2)(Copy 3).pdf": {"modified": 1741874827.545}, "My Resume(Copy 2)(Copy)(Copy)(Copy).pdf": {"modified": 1741874827.545}, "My Resume(Copy 2)(Copy 2)(Copy).pdf": {"modified": 1741874827.545}, "Rishabh Yadav(Copy)(Copy)(Copy 2)(Copy).pdf": {"modified": 1742799159.299}, "Rishabh Yadav(Copy)(Copy 2)(Copy 2).pdf": {"modified": 1742799159.299}, "Rishabh Yadav(Copy)(Copy 3)(Copy).pdf": {"modified": 1742799159.299}, "Rishabh Yadav(Copy 2)(Copy 3).pdf": {"modified": 1742799159.299}, "Rishabh Yadav(Copy 2)(Copy)(Copy 2).pdf": {"modified": 1742799159.299}, "Rishabh Yadav(Copy 3)(Copy)(Copy).pdf": {"modified": 1742799159.299}, "Abhishek Upadhyay(Copy)(Copy 3)(Copy).pdf": {"modified": 1742794774.898}, "Abhishek Upadhyay(Copy 2)(Copy 3).pdf": {"modified": 1742794774.898}, "Abhishek Upadhyay(Copy 2)(Copy)(Copy)(Copy).pdf": {"modified": 1742794774.898}, "Abhishek Upadhyay(Copy 2)(Copy 2)(Copy).pdf": {"modified": 1742794774.898}, "Abhishek Upadhyay(Copy 3)(Copy)(Copy).pdf": {"modified": 1742794774.898}, "Kamil Khan(Copy)(Copy 4).pdf": {"modified": 1742794750.925}, "Kamil Khan(Copy)(Copy)(Copy 3).pdf": {"modified": 1742794750.925}, "Kamil Khan(Copy)(Copy)(Copy)(Copy 2).pdf": {"modified": 1742794750.925}, "Kamil Khan(Copy)(Copy 2)(Copy 2).pdf": {"modified": 1742794750.925}, "Kamil Khan(Copy 2)(Copy 3).pdf": {"modified": 1742794750.925}, "Kamil Khan(Copy 2)(Copy)(Copy)(Copy).pdf": {"modified": 1742794750.925}, "Kamil Khan(Copy 2)(Copy 2)(Copy).pdf": {"modified": 1742794750.925}, "Kamil Khan(Copy 3)(Copy 2).pdf": {"modified": 1742794750.925}, "Kunal Garg(Copy)(Copy)(Copy 3).pdf": {"modified": 1741708008.977}, "Kunal Garg(Copy)(Copy)(Copy)(Copy 2).pdf": {"modified": 1741708008.977}, "Kunal Garg(Copy)(Copy)(Copy)(Copy)(Copy).pdf": {"modified": 1741708008.977}, "Kunal Garg(Copy)(Copy)(Copy 2)(Copy).pdf": {"modified": 1741708008.977}, "Kunal Garg(Copy)(Copy 2)(Copy 2).pdf": {"modified": 1741708008.977}, "Kunal Garg(Copy 2)(Copy)(Copy 2).pdf": {"modified": 1741708008.977}, "Kunal Garg(Copy 2)(Copy)(Copy)(Copy).pdf": {"modified": 1741708008.977}, "Kunal Garg(Copy 2)(Copy 2)(Copy).pdf": {"modified": 1741708008.977}, "My Resume(Copy)(Copy)(Copy 3).pdf": {"modified": 1741874827.545}, "My Resume(Copy)(Copy)(Copy 2)(Copy).pdf": {"modified": 1741874827.545}, "My Resume(Copy 2)(Copy)(Copy 2).pdf": {"modified": 1741874827.545}, "My Resume(Copy 3)(Copy 2).pdf": {"modified": 1741874827.545}, "My Resume(Copy 3)(Copy)(Copy).pdf": {"modified": 1741874827.545}, "My Resume(Copy 4)(Copy).pdf": {"modified": 1741874827.545}, "Rishabh Yadav(Copy 5).pdf": {"modified": 1742799159.299}, "Rishabh Yadav(Copy)(Copy 4).pdf": {"modified": 1742799159.299}, "Rishabh Yadav(Copy)(Copy)(Copy 3).pdf": {"modified": 1742799159.299}, "Rishabh Yadav(Copy)(Copy)(Copy)(Copy 2).pdf": {"modified": 1742799159.299}, "Rishabh Yadav(Copy)(Copy)(Copy)(Copy)(Copy).pdf": {"modified": 1742799159.299}, "Rishabh Yadav(Copy)(Copy 2)(Copy)(Copy).pdf": {"modified": 1742799159.299}, "Rishabh Yadav(Copy 2)(Copy)(Copy)(Copy).pdf": {"modified": 1742799159.299}, "Rishabh Yadav(Copy 2)(Copy 2)(Copy).pdf": {"modified": 1742799159.299}, "Rishabh Yadav(Copy 3)(Copy 2).pdf": {"modified": 1742799159.299}, "Rishabh Yadav(Copy 4)(Copy).pdf": {"modified": 1742799159.299}}